policy.number,number,street,city,state,zip,total,loss_coverage,enhancement,mechanical,theft,spoilage,coins,valuation,ded,limt_bldg,limit_bpp,limit_earnings,limit_sign,limit_pumps,limit_canopies,indemnity
PPK0001000,1,2075 Fort St.,Wyandotte,MI,48192,2062,Special,Elite,Yes,Yes,No,0.8,RC,1000,300000,75000,35000,,,, 1/4
PPK0001001,1,5805 Mt. Elliot,Detroit,MI,48211,9076,Special,Elite,Yes,Yes,Yes,0.8,RC,2500,400000,100000,200000,25000,,,
PPK0001002,1,1848 Springwells St.,Detroit,MI,48209,5390,Special,Elite,No,Yes,No,1,RC,5000,450000,183600,100000,,,,
PPK0001003,1,377 Schaefer Hwy,Detroit,MI,48217,3685,Special,Elite,Yes,Yes,No,0.9,RC,1000,400000,125000,60000,,100000,120000,
PPK0001004,1,10715 W. Eight Mile Rd,Detroit,MI,48221,4784,Special,None,No,No,No,0.8,RC,2500,500000,300000,150000,,,,
PPK0001005,1,119 W. Warren Ave.,Detroit,MI,48201,1559,Special,Elite,Yes,Yes,Yes,0.9,RC,1000,,100000,60000,,,,
PPK0001007,1,31268 Ford Rd.,Garden City,MI,48135,5496,Special,Elite,Yes,Yes,No,0.8,RC,2500,1000000,350000,100000,15000,,,
PPK0001008,1,3801 E. Davidson,Detroit,MI,48212,2004,Special,Elite,No,No,No,0.9,RC,2500,200000,40000,30000,,40000,40000,
PPK0001009,1,119 North Main St.,Lake City,MI,49651,4274,Special,Elite,No,No,Yes,0.8,RC,1000,450000,80000,50000,10000,,,
PPK0001010,1,609 West Western Ave,Muskegon,MI,49440,4069,Special,Elite,No,No,Yes,0.8,RC,1000,600000,100000,100000,,,, 1/6
PPK0001011,1,8299-8323 N. Wayne Rd,Westland,MI,48185,3131,Special,Elite,No,Yes,No,0.9,RC,2500,1200000,,,,,,
PPK0001012,1,800 E. 7 MILE RD.,DETROIT,MI,48203,1963,Special,Elite,No,No,No,0.8,RC,2500,175000,75000,,,50000,50000,
PPK0001013,1,5600 S. Pennsyvania Ave,Lansing,MI,48911,1225,Special,Select,No,No,No,0.8,RC,1000,,150000,,,,,
PPK0001014,1,100 N.  Telegraph,Dearborn,MI,48127,3871,Special,Elite,Yes,Yes,No,0.9,RC,1000,300000,50000,72000,10000,40000,100000,
PPK0001015,1,27360 Grand River Blvd.,Redford,MI,48240,2085,Special,Elite,Yes,Yes,No,0.9,RC,1000,200000,60000,60000,5000,80000,55000,
PPK0001016,1,13141 W. 7 Mile Rd,Detroit,MI,48235,2558,Special,Elite,Yes,Yes,No,0.9,RC,1000,300000,50000,100000,5000,40000,30000, 1/6
PPK0001019,1,9468 S. Main Street,Plymouth,MI,48170,7734,Special,Elite,Yes,Yes,Yes,0.9,RC,1000,500000,350000,350000,2000,,, 1/6
PPK0001020,1,13001 W. 8 Mile Rd,Detroit,MI,48235,2505,Special,Elite,Yes,No,No,0.9,RC,2500,200000,75000,30000,,50000,50000, 1/3
PPK0001021,1,2008 W. Coldwater Road,Flint,MI,48505,2394,Special,None,No,No,No,0.8,RC,1000,470452,127617,12500,,,,
PPK0001022,1,14422 W. Warren Ave.,Dearborn,MI,48126,1587,Special,Elite,No,Yes,No,0.9,RC,1000,200000,50000,,,,,
PPK0001023,1,15500 Southfield Rd,Allen Park,MI,48101,1865,Special,Elite,No,Yes,No,0.9,RC,1000,200000,60000,30000,,40000,50000, 1/6
PPK0001024,1,22000 23 Mile Rd.,Macomb,MI,48042,1997,Special,Elite,Yes,Yes,No,0.9,RC,1000,,250000,100000,,,, 1/3
PPK0001026,1,21980 Sibley,Brownstown,MI,48183,2214,Special,None,No,No,No,0.9,RC,2500,,133000,100000,,,, 1/6
PPK0001027,1,21980 Sibley Rd,Brownstown,MI,48192,5447,Special,None,Yes,Yes,Yes,0.8,RC,1000,350000,100000,300000,15000,130000,120000, 1/6
PPK0001028,1,1550 Fenkill,Detroit,MI,48227,4135,Special,Elite,No,No,No,0.9,RC,2500,150000,100000,30000,,50000,50000,
PPK0001029,1,1235 W 14 Mile,Madison Heights,MI,48071,2797,Special,Elite,Yes,Yes,No,0.8,RC,1000,350000,125000,180000,,,, 1/6
PPK0001030,1,8001 Wyoming,Detroit,MI,48204,2760,Special,Elite,Yes,Yes,No,0.9,RC,2500,320000,100000,60000,,40000,40000, 1/6
PPK0001031,1,1141-1143 Martin Luther King,Flint,MI,48503,2515,Special,Elite,Yes,Yes,Yes,0.8,RC,2500,100000,80000,60000,,,,
PPK0001032,1,505 E. ADRIAN STREET,BLISSFIELD,MI,49228,5223,Special,Elite,Yes,Yes,Yes,0.9,RC,1000,500000,200000,130000,,,, 1/3
PPK0001033,1,14243 Ford Rd.,Dearborn,MI,48126,1767,Special,Elite,Yes,Yes,Yes,0.9,RC,1000,150000,25000,60000,5000,35000,30000, 1/6
PPK0001034,1,33275 Stephenson Hwy,Madison Heights,MI,48071,2994,Special,Elite,Yes,Yes,Yes,0.8,RC,1000,350000,100000,40000,5000,,,
PPK0001035,1,2934 Yemans St.,Hamtramck,MI,48212,2704,Special,Elite,Yes,Yes,Yes,0.8,RC,1000,350000,50000,100000,,,, 1/3
PPK0001036,1,11941 Joseph Campau,Hamtramck,MI,48212,3238,Special,Elite,Yes,Yes,Yes,0.8,RC,1000,375000,100000,120000,10000,,10000, 1/6
PPK0001037,1,12619 Linwood St.,Detriot,MI,48238,3032,Special,Elite,Yes,Yes,No,0.9,RC,2500,250000,75000,,,60000,60000,
PPK0001038,1,126 Avery,Mt.  Clemens,MI,48043,1421,Special,Elite,Yes,No,No,0.8,RC,1000,60000,35000,20000,,,, 1/4
PPK0001039,1,3701 W. Davison,Detroit,MI,48238,2116,Special,Elite,Yes,Yes,No,0.9,RC,1000,300000,50000,60000,5000,40000,30000, 1/6
PPK0001040,1,28560 Gratiot,Roseville,MI,48066,2524,Special,Elite,No,Yes,No,0.8,RC,1000,500000,150000,,,,,
PPK0001041,1,4000 Cass Elizabeth Lake Rd.,Waterford,MI,48328,7063,Special,Elite,Yes,Yes,Yes,0.8,RC,1000,1300000,400000,200000,10000,,, 1/6
PPK0001042,1,18438 Van Dyke,Detroit,MI,48234,8080,Special,Elite,Yes,Yes,No,0.8,RC,2500,450000,500000,200000,,,, 1/6
PPK0001043,1,29372 Grand River Ave.,Farmington Hills,MI,48336,1542,Special,Elite,Yes,Yes,No,0.9,RC,1000,125000,75000,30000,,50000,, 1/3
PPK0001044,1,8177 N. Sheldon Rd.,Canton,MI,48187,3054,Special,Elite,Yes,Yes,Yes,0.8,RC,2500,670000,150000,300000,3000,,, 1/6
PPK0001045,1,12524 Woodward Ave.,Highland Park,MI,48203,2250,Special,Elite,Yes,Yes,Yes,0.9,RC,1000,150000,100000,60000,5000,50000,50000, 1/6
PPK0001046,1,1370 S Oakwood,Detroit,MI,48217,4331,Special,Elite,Yes,No,No,0,RC,2500,300000,200000,180000,10000,,, 1/6
PPK0001047,1,15430 W. Warren,Dearborn,MI,48126,2299,Special,Elite,Yes,Yes,No,0.9,RC,1000,270000,60000,72000,,60000,100000, 1/6
PPK0001048,1,17046 Harper Ave.,Detroit,MI,48224,2792,Special,Elite,Yes,Yes,No,0.9,RC,1000,350000,30000,60000,5000,60000,40000, 1/6
PPK0001049,1,22000 West 8 Mile Road,Southfield,MI,48033,1775,Special,Elite,Yes,Yes,No,0.9,RC,2500,150000,75000,30000,,60000,50000, 1/3
PPK0001050,1,18525 W. Seven Mile Road,Detroit,MI,48219,2289,Special,Elite,Yes,No,No,0.9,RC,2500,200000,75000,30000,,30000,40000, 1/6
PPK0001051,1,28505 Groesbeck Road,Roseville,MI,48066,2059,Special,Elite,Yes,Yes,No,0.9,RC,1000,200000,60000,100000,,60000,60000, 1/6
PPK0001052,1,3455 Ormond Dr.,White Lake,MI,48383,2997,Special,Elite,Yes,No,Yes,0.9,RC,1000,275000,100000,40000,,,, 1/4
PPK0001053,1,3024 Grange Hill,Holly,MI,48442,4024,Special,Elite,Yes,Yes,Yes,0.8,RC,1000,675000,312000,197000,10000,,, 1/6
PPK0001054,1,2130 Michigan Ave.,Detroit,MI,48216,5116,Special,Elite,Yes,Yes,No,0.9,RC,1000,250000,75000,100000,,,, 1/4
PPK0001055,1,23008 Dequindre Rd.,Warren,MI,48091,2355,Special,Elite,Yes,Yes,No,0.9,RC,1000,278000,55000,60000,5000,60000,65000,
PPK0001056,1,12414 Hall Rd.,Sterling Heights,MI,48313,5037,Special,Elite,Yes,Yes,Yes,0.8,RC,1000,550000,400000,180000,25000,,, 1/6
PPK0001057,1,7535 Greenfield,Detroit,MI,48228,3834,Special,Elite,Yes,No,No,0.9,RC,2500,150000,,25000,5000,,, 1/6
PPK0001058,1,2923 E. 7 Mile Rd,Detroit,MI,48234,4586,Special,Elite,Yes,Yes,No,0.8,RC,2500,300000,100000,50000,,,, 1/6
PPK0001059,1,18000 Ryan Road,Detroit,MI,48234,2868,Special,Elite,Yes,Yes,Yes,0.8,RC,2500,150000,30000,25000,,,, 1/6
PPK0001060,1,29307 Gratiot Ave.,Roseville,MI,48066,4085,Special,Elite,Yes,Yes,No,0.8,RC,2500,400000,350000,100000,10000,,, 1/6
PPK0001061,1,4101 Quarry,Melvindale,MI,48192,1285,Special,Elite,Yes,Yes,No,0.9,RC,1000,200000,,,5000,,,
PPK0001062,1,3402 Davison Rd.,Flint,MI,48506,2425,Special,Elite,Yes,Yes,No,0.8,RC,2500,300000,150000,50000,5000,,, 1/6
PPK0001063,1,18021 Contant St.,Detroit,MI,48234,2350,Special,Elite,Yes,Yes,No,0.9,RC,1000,250000,60000,60000,5000,50000,30000, 1/6
PPK0001064,1,35512 W Michigan Ave,Wayne,MI,48184,1890,Special,Elite,Yes,Yes,No,0.8,RC,2500,275000,60000,40000,,,, 1/6
PPK0001065,1,512 S. Dort Highway,Flint,MI,48503,2525,Special,Elite,Yes,Yes,No,0.8,RC,2500,300000,150000,75000,5000,,, 1/6
PPK0001068,1,2802 Dort Highway,Flint,MI,48507,1747,Special,Elite,Yes,Yes,No,0.8,RC,2500,200000,75000,50000,5000,,, 1/6
PPK0001070,1,29 W. Randall,Coopersville,MI,49404,2704,Special,Elite,Yes,Yes,No,0.8,RC,1000,228375,75000,50000,,,, 1/3
PPK0001071,1,16140 W. Mc Nichols Rd.,Detroit,MI,48235,809,Special,Elite,Yes,Yes,No,0.9,RC,1000,,50000,60000,,,, 1/6
PPK0001072,1,1444 W. Fort St.,Detroit,MI,48216,3047,Special,Elite,Yes,Yes,No,0.9,RC,1000,350000,120000,50000,5000,,, 1/6
PPK0001073,1,1466 Baldwin Ave.,Pontiac,MI,48340,1494,Special,Elite,Yes,Yes,No,0.9,RC,1000,,100000,30000,,40000,40000, 1/3
PPK0001074,1,670 Cesar Chavez,Pontiac,MI,48340,744,Special,Elite,Yes,Yes,No,0.9,RC,5000,,50000,,,,,
PPK0001075,1,9949 E. Warren Ave.,Detroit,MI,48214,3610,Special,Elite,Yes,Yes,No,0.9,RC,5000,170000,80000,120000,,40000,50000, 1/4
PPK0001076,1,7056 W. Vernor Dr.,Detroit,MI,48209,2941,Special,Elite,Yes,Yes,No,0.8,RC,1000,200000,75000,40000,,,, 1/4
PPK0001077,1,21530 Gratiot,Eastpointe,MI,48021,1340,Special,Elite,Yes,Yes,No,0.8,RC,1000,150000,50000,,,,,
PPK0001078,1,15130 Gratiot Ave.,Detroit,MI,48205,2202,Special,Elite,Yes,Yes,No,0.9,RC,1000,200000,20000,60000,5000,50000,35000, 1/3
PPK0001079,1,3025 E. Michigan Ave.,Ypsilanti,MI,48197,1590,Special,Elite,Yes,Yes,No,0.9,RC,1000,150000,60000,30000,,30000,30000, 1/3
PPK0001080,1,1396 Ecorse Rd.,Ypsilanti,MI,48198,1927,Special,Elite,Yes,Yes,No,0.8,RC,2500,300000,80000,50000,10000,50000,50000, 1/6
PPK0001081,1,12711 W. 8 Mile Rd.,Detroit,MI,48235,2478,Special,Elite,Yes,Yes,No,0.9,RC,2500,200000,75000,30000,,60000,60000, 1/3
PPK0001082,1,13551 Allen Rd.,Southgate,MI,48195,5110,Special,Elite,Yes,Yes,No,0.9,RC,1000,200000,100000,60000,5000,80000,50000, 1/6
PPK0001083,1,5970 Bridge St.,Ypsilanti,MI,48197,2851,Special,Elite,Yes,Yes,Yes,0.9,RC,2500,375000,175000,180000,5000,,, 1/6
PPK0001084,1,10736 East Jefferson,Detroit,MI,48214,3564,Special,Elite,Yes,Yes,No,0.9,RC,1000,500000,100000,60000,5000,60000,60000, 1/6
PPK0001085,1,701 W. Stewart Avenue,Flint,MI,48504,2123,Special,Elite,Yes,Yes,No,0.8,ACV,1000,216000,100000,120000,,,, 1/3
PPK0001086,1,20913 Gibraltar Rd.,Brownstown,MI,48183,2975,Special,Elite,Yes,Yes,Yes,0.9,RC,1000,100000,300000,90000,,,, 1/3
PPK0001087,1,15401 Joy,Detriot,MI,48228,4821,Special,Elite,Yes,Yes,No,0.8,RC,2500,450000,200000,100000,10000,,, 1/6
PPK0001088,1,1106 Woodward Ave.,Kingsford,MI,49801,1829,Special,Elite,Yes,Yes,Yes,0.9,RC,1000,260800,50000,50000,,,, 1/6
PPK0001089,1,30 North Howard,Croswell,MI,48422,,Special,None,No,No,No,0,RC,0,,,,,,,
PPK0001090,1,12441 East Jefferson Ave,Detroit,MI,48215,1745,Special,Elite,Yes,Yes,No,0.9,RC,2500,,100000,30000,,40000,40000, 1/3
PPK0001091,1,Milan & I23 Gasoline,Milan,MI,48160,2098,Special,Elite,Yes,Yes,No,0.9,RC,1000,365000,40000,60000,5000,50000,70000, 1/6
PPK0001093,1,9645 Jefferson Ave.,Detroit,MI,48214,1745,Special,Elite,Yes,Yes,No,0.9,RC,2500,,100000,30000,,40000,40000,
PPK0001094,1,7690 E 7 Mile Rd.,Detroit,MI,48234,5055,Special,Elite,Yes,Yes,Yes,0.8,RC,2500,254000,97000,100000,5000,,, 1/6
PPK0001095,1,4160 Woodward,Detroit,MI,48201,1632,Special,Elite,Yes,Yes,No,0.8,RC,2500,,75000,30000,,,, 1/6
PPK0001096,1,5830 E. 10 Mile Rd.,Warren,MI,48091,1914,Special,Elite,Yes,Yes,No,0.9,RC,1000,360000,55000,60000,5000,50000,50000, 1/6
PPK0001097,1,5414 W. Vernor Highway,Detroit,MI,48209,1614,Special,Elite,Yes,Yes,No,0.8,RC,2500,80000,50000,,,,,
PPK0001098,1,17776 GrandRiver Ave,Detroit,MI,48227,2390,Special,Elite,Yes,Yes,No,0.9,RC,1000,500000,100000,60000,5000,50000,60000, 1/6
PPK0001099,1,24700 N. River Rd.,Mt. Clemens,MI,48043,1766,Special,Elite,Yes,Yes,No,0.9,RC,1000,250000,40000,60000,5000,60000,60000, 1/6
PPK0001100,1,13611 Grand River Ave.,Detroit,MI,48227,2862,Special,Elite,No,Yes,No,0.8,ACV,1000,300000,100000,125000,,,, 1/6
PPK0001101,1,9015 S Telegraph Rd.,Taylor City,MI,48180,4701,Special,Elite,Yes,Yes,No,0.8,RC,1000,400000,200000,60000,5000,,, 1/4
PPK0001102,1,711 N. Silverleaf,Gladwin,MI,48264,3370,Special,Elite,Yes,Yes,Yes,0.8,RC,1000,600000,80000,50000,10000,,, 1/6
PPK0001103,1,526 S. Saginaw,Flint,MI,48502,1130,Special,None,Yes,Yes,No,0.8,RC,1000,225700,,30000,,,, 1/3
PPK0001104,1,49031 Gratiot Ave,Chesterfield,MI,48051,1791,Special,Elite,Yes,Yes,No,0,RC,0,300000,,60000,5000,100000,100000, 1/6
PPK0001105,1,7677 Dix,Detroit,MI,48209,2697,Special,Elite,Yes,Yes,No,0.8,RC,1000,200000,75000,30000,2500,,, 1/4
PPK0001106,1,3801 Vernor Rd.,Detroit,MI,48216,2420,Special,Elite,Yes,Yes,No,0.9,RC,2500,120000,40000,60000,5000,30000,70000, 1/6
PPK0001107,1,30259 Ford Rd.,Garden City,MI,48135,1951,Special,Elite,Yes,Yes,No,0.9,RC,1000,200000,50000,60000,5000,40000,80000, 1/6
PPK0001108,1,13720 Dix Toledo Rd.,Warren,MI,48091,887,Special,Elite,Yes,Yes,No,0.9,RC,1000,,30000,60000,5000,,,
PPK0001109,1,35703 Grosbeck,Clinton,MI,48035,4121,Special,Elite,Yes,Yes,Yes,0.8,RC,1000,425000,150000,60000,,,, 1/4
PPK0001110,1,3236 Elizabeth,Wayne,MI,48184,2517,Special,Elite,Yes,Yes,No,0.8,RC,1000,,200000,360000,,,, 1/6
PPK0001111,1,1711 W. Maple Rd.,Walled Lake,MI,48390,1688,Special,Elite,Yes,Yes,No,0.9,RC,1000,300000,50000,60000,5000,40000,50000, 1/6
PPK0001112,1,35501 Michigan Ave.,Wayne,MI,48184,3558,Special,Elite,Yes,Yes,No,0.9,RC,1000,750000,,,,,,
PPK0001113,1,3528 N. Lapeer Rd.,Lapeer,MI,48446,5260,Special,Elite,Yes,Yes,No,1,RC,1000,700000,350000,180000,10000,90000,90000, 1/6
PPK0001114,1,13555 Schoolcraft,Detroit,MI,48227,3422,Special,Elite,Yes,Yes,No,0.9,RC,2500,350000,250000,30000,10000,,, 1/3
PPK0001115,1,14234 Puritan,Detroit,MI,48227,3527,Special,Elite,Yes,Yes,No,0.9,RC,2500,300000,200000,100000,10000,,,
PPK0001116,1,9963 Gratiot,Detrot,MI,48213,3968,Special,Elite,Yes,Yes,No,0.9,RC,2500,300000,250000,100000,10000,,, 1/3
PPK0001117,1,12000 Constant St.,Detroit,MI,48212,2770,Special,Elite,Yes,Yes,No,0.9,RC,1000,225000,85000,100000,5000,50000,55000, 1/6
PPK0001118,1,1721 E. 7 Mile Rd.,Detriot,MI,48203,8159,Special,Elite,Yes,Yes,No,0.9,RC,5000,600000,229500,200000,,,, 1/6
PPK0001119,1,27350 Joy Rd.,Redford,MI,48239,2051,Special,Elite,Yes,Yes,No,0.9,RC,1000,280000,50000,60000,5000,50000,80000, 1/6
PPK0001120,1,21500 Fenkell Rd.,Detroit,MI,48223,3244,Special,Elite,Yes,No,No,0.9,RC,5000,214000,125000,120000,,60000,50000, 1/4
PPK0001121,1,16003 Mack Ave.,Detroit,MI,48224,7186,Special,Elite,Yes,Yes,No,0.8,RC,2500,750000,300000,120000,7500,,, 1/6
PPK0001122,1,10022 Roseberry Street,Detroit,MI,48213,4707,Special,Elite,Yes,Yes,No,0.8,RC,2500,275000,250000,75000,,,, 1/6
PPK0001123,1,17785 Grand River Ave.,Detroit,MI,48227,2736,Special,Elite,Yes,Yes,No,0.9,RC,1000,275000,80000,60000,5000,40000,50000, 1/6
PPK0001124,1,25729 Plymouth Rd.,Redford,MI,48239,2238,Special,Elite,Yes,Yes,Yes,0.9,RC,1000,350000,80000,40000,7500,120000,, 1/6
PPK0001125,1,2890 Fenton Rd.,Flint,MI,48507,1220,Special,Elite,Yes,Yes,No,0.8,RC,1000,169000,11760,20000,,,,
PPK0001126,1,23800 Jefferson Ave.,St. Clair Shores,MI,48080,1947,Special,Elite,Yes,Yes,No,0.9,RC,5000,300000,40000,90000,5000,80000,50000, 1/6
PPK0001127,1,10001 Eight Mile,Detroit,MI,48221,2922,Special,Elite,Yes,Yes,No,0.9,RC,2500,275000,75000,30000,,50000,50000,
PPK0001128,1,8712 Schaffer Hwy,Detroit,MI,48228,1518,Special,Elite,Yes,Yes,No,0.9,RC,2500,,60000,30000,,,, 1/3
PPK0001130,1,13119 Schaefer,Detroit,MI,48227,2814,Special,Elite,Yes,Yes,No,0.9,RC,2500,150000,35000,100000,,40000,50000, 1/4
PPK0001131,1,38 S. Main St.,Clawson,MI,48017,3757,Special,Elite,Yes,Yes,Yes,0.8,RC,1000,400000,200000,80000,5000,,, 1/4
PPK0001132,1,14458 Grand River Ave.,Detroit,MI,48227,4234,Special,Elite,Yes,Yes,No,0.9,RC,1000,500000,110000,60000,5000,40000,150000, 1/6
PPK0001133,1,205 Congress St.,Detroit,MI,48226,1950,Special,Elite,Yes,Yes,No,0.8,RC,1000,,50000,100000,,,, 1/6
PPK0001134,1,49440 Ryan Rd.,Shelby Township,MI,48317,6996,Special,Elite,Yes,Yes,No,0.8,RC,2500,550000,110000,,5000,,,
PPK0001135,1,14505 E. Warren Ave.,Detroit,MI,48215,6635,Special,Elite,Yes,No,No,0.8,RC,2500,550000,75000,200000,20000,,, 1/4
PPK0001136,1,6606 Greenfield,Dearborn,MI,48126,1521,Special,Elite,Yes,Yes,No,0.9,RC,1000,200000,,60000,5000,,, 1/6
PPK0001137,1,100-102 Washington Ave.,Grand Haven,MI,49417,6043,Special,Elite,Yes,Yes,Yes,0.8,RC,2500,1500000,100000,125000,5000,,, 1/3
PPK0001138,1,201 N. Groesbeck Highway,Mount Clemens,MI,48043,1520,Special,Elite,Yes,Yes,No,0.9,RC,1000,110000,50000,60000,5000,40000,60000, 1/6
PPK0001139,1,26505 Ford Rd.,Dearborn Heights,MI,48127,2810,Special,Elite,Yes,Yes,No,0.9,RC,1000,,300000,200000,5000,,, 1/6
PPK0001140,1,12181 Livernois,Detroit,MI,48204,1384,Special,Elite,Yes,Yes,No,0.9,RC,1000,,100000,60000,5000,,, 1/6
PPK0001141,1,25740 Plymouth Rd,Redford,MI,48239,1850,Special,Elite,Yes,Yes,No,0.9,RC,1000,300000,50000,60000,5000,,50000, 1/6
PPK0001142,1,18141 W. Warren Ave,Detroit,MI,48228,2558,Special,Elite,Yes,Yes,No,0.8,RC,2500,140000,40000,50000,,75000,80000, 1/4
PPK0001143,1,2658 N Dixie Hwy Inc.,Monroe,MI,48162,3056,Special,Elite,Yes,Yes,No,0.9,RC,1000,450000,100000,30000,,50000,60000, 1/3
PPK0001144,1,20630 W. 7 Mile Rd.,Detroit,MI,48219,2855,Special,Elite,Yes,Yes,No,0.9,RC,1000,400000,100000,60000,5000,30000,30000, 1/6
PPK0001145,1,1400 E. Outer Dr.,Detroit,MI,48234,3533,Special,Elite,Yes,Yes,No,0.8,RC,2500,250000,100000,50000,,,, 1/4
PPK0001146,1,1596 E. 88th St.,Newaygo,MI,49337,1958,Special,Elite,Yes,Yes,Yes,0.8,RC,1000,106400,68500,50000,5000,,, 1/6
PPK0001147,1,266 Mt. Eliott,Detroit,MI,48207,3121,Special,Elite,Yes,Yes,No,0.9,RC,1000,500000,,60000,5000,,, 1/6
PPK0001148,1,6037 Rochester Rd.,Troy,MI,44084,2400,Special,Elite,Yes,Yes,Yes,0.8,RC,1000,,300000,30000,,,, 1/3
PPK0001149,1,326 S. First St.,Rogers City,MI,49779,947,Special,Elite,No,Yes,No,0.8,RC,1000,125000,25000,20000,,,, 1/4
PPK0001150,1,511 Fourteen Mile Rd.,Clawson,MI,48017,2105,Special,Elite,Yes,Yes,No,0.8,RC,1000,450000,150000,50000,,,, 1/6
PPK0001151,1,415 S. Broadway St.,Lake Orion,MI,48362,3512,Special,Elite,Yes,Yes,No,0.9,RC,2500,940000,200000,180000,15000,9000,, 1/6
PPK0001152,1,5181 Grand River,Detroit,MI,48208,11828,Special,Elite,Yes,Yes,Yes,0.8,ACV,5000,800000,600000,350000,15000,,, 1/6
PPK0001153,1,40375 Utica Rd.,Sterling Heights,MI,48313,1731,Special,Elite,Yes,Yes,Yes,0.9,RC,1000,275000,100000,100000,5000,,, 1/6
PPK0001154,1,843-879 Inkster Rd.,Garden City,MI,48135,8153,Special,None,No,No,No,0.9,RC,1000,335000,,40000,,,, 1/6
PPK0001155,1,16835 W. Warren,Detroit,MI,48228,5275,Special,Elite,Yes,Yes,No,0.8,RC,1000,350000,75000,50000,,,, 1/3
PPK0001156,1,22757 Woodward Ave. #300,Ferndale,MI,48220,1608,Special,Elite,Yes,Yes,No,0.8,RC,1000,,250000,60000,,,, 1/4
PPK0001157,1,26957 Rochelle St.,Dearborn,MI,48127,2205,Special,None,No,No,No,0.9,RC,2500,500000,,30000,,,, 1/3
PPK0001158,1,15435 Joy Rd.,Detroit,MI,48228,2981,Special,Elite,Yes,Yes,No,0.8,RC,2500,300000,50000,40000,,150000,, 1/6
PPK0001160,1,301 E. Michigan Ave.,Ypsilanti,MI,48198,3179,Special,Elite,Yes,Yes,Yes,0.9,RC,1000,400000,300000,30000,,,,
PPK0001161,1,32771 Michigan Ave,Wayne,MI,48184,5907,Special,Elite,Yes,Yes,No,0.8,RC,1000,800000,250000,80000,,10000,, 1/4
PPK0001162,1,8100 15 Mile Rd.,Sterling Heights,MI,48312,1476,Special,Elite,Yes,Yes,No,0.9,RC,1000,200000,35000,60000,5000,50000,35000, 1/6
PPK0001163,1,3641 Grand River,Detroit,MI,48028,5826,Special,Elite,Yes,Yes,No,0.8,RC,1000,500000,180000,,10000,,,
PPK0001164,1,1403 Francis,Jackson,MI,49203,1505,Special,Elite,Yes,Yes,No,0.9,RC,1000,150000,70000,60000,5000,40000,40000, 1/6
PPK0001165,1,6416 E. Jefferson,Detroit,MI,48207,12828,Special,Elite,Yes,Yes,No,0.8,RC,2500,780000,500000,450000,,,, 1/4
PPK0001166,1,1404 E. Jefferson,Detroit,MI,48207,8484,Special,Elite,Yes,Yes,No,0.8,RC,2500,1200000,510000,450000,,,, 1/4
PPK0001167,1,18901 Kelly Street,Detroit,MI,48224,2432,Special,Elite,No,Yes,No,0.8,RC,2500,250000,40000,30000,,,, 1/6
PPK0001168,1,18300 W. Warren,Detroit,MI,48228,5921,Special,Elite,Yes,Yes,No,0.8,RC,2500,480000,300000,165000,5000,,, 1/6
PPK0001169,1,3345 Mc Nichols,Detroit,MI,48221,1171,Special,Elite,Yes,Yes,No,0.9,RC,1000,,50000,60000,5000,,, 1/6
PPK0001170,1,510 N. Cedar,Kalkaska,MI,49646,4086,Special,Elite,Yes,Yes,Yes,0.8,ACV,2500,650000,100000,50000,5000,,, 1/3
PPK0001171,1,5210 Grand River,Detroit,MI,48208,6674,Special,Elite,Yes,Yes,No,0.8,RC,5000,355000,150000,150000,,,, 1/6
PPK0001172,1,17101 VanDyke St.,Detroit,MI,48224,2700,Special,Elite,Yes,Yes,No,0.9,RC,1000,280000,40000,60000,5000,60000,60000, 1/6
PPK0001173,1,2203-2215 Ellsworth,Ypsilanti,MI,48197,2140,Special,Elite,Yes,Yes,Yes,0.8,RC,1000,,250000,90000,5000,,, 1/6
PPK0001174,1,9201 Middlebelt Rd.,Romulus,MI,48174,2582,Special,Elite,Yes,Yes,No,0.8,RC,1000,143000,40000,100000,45000,125000,125000, 1/4
PPK0001175,1,18-20 Wabash,Milan,MI,48160,1888,Special,Elite,Yes,Yes,No,0.8,RC,1000,200000,85000,60000,2500,,, 1/6
PPK0001176,1,14987 Gratiot,Detroit,MI,48205,2631,Special,Elite,Yes,Yes,No,0.8,RC,1000,200000,80000,95000,,,, 1/6
PPK0001177,1,12921 Michigan Ave.,Dearborn,MI,48126,1017,Special,Elite,Yes,Yes,No,0.9,RC,1000,,50000,60000,5000,,, 1/6
PPK0001178,1,21740 W. 6 Mile Rd.,Detroit,MI,48219,3561,Special,Elite,Yes,Yes,No,0.9,RC,1000,500000,80000,60000,5000,40000,50000, 1/6
PPK0001179,1,9951 Wayne Rd.,Romulus,MI,48174,2054,Special,Elite,Yes,Yes,No,0.9,RC,1000,350000,75000,60000,5000,,,
PPK0001180,1,,,MI,,2114,Special,Elite,Yes,Yes,No,1,RC,1000,,175000,100000,,,, 1/6
PPK0001181,1,5676 Dixie Highway,Waterford,MI,48239,2278,Special,Elite,Yes,Yes,No,0.9,RC,1000,350000,65000,60000,5000,50000,100000, 1/6
PPK0001182,1,14737-14741 W. Chicago,Detroit,MI,48228,4194,Special,Elite,Yes,Yes,No,0.8,RC,5000,,200000,300000,,,, 1/6
PPK0001183,1,6811 Gratiot Ave.,Detroit,MI,48207,1995,Special,Elite,Yes,Yes,No,0.9,RC,2500,150000,60000,60000,5000,25000,25000, 1/6
PPK0001184,1,4076 E. 14 Mile,Warren,MI,48092,2164,Special,Elite,Yes,Yes,Yes,0.9,RC,1000,80000,150000,100000,5000,,,
PPK0001185,1,49031 Gratiot Ave.,Chesterfield,MI,48051,907,Special,Elite,Yes,Yes,No,0.9,RC,1000,,60000,60000,5000,,, 1/6
PPK0001186,1,334 W Kennett Rd,Pontiac,MI,48340,4876,Special,Elite,Yes,Yes,No,0.8,RC,1000,650000,400000,393383,,,,
PPK0001187,1,5201 North Saginaw Rd.,Flint,MI,48507,3283,Special,Elite,Yes,Yes,No,0.8,RC,1000,300000,50000,75000,,,, 1/6
PPK0001188,1,"101-113 E. Commerce St., 508-510-514 N. Main St.",Milford,MI,48381,7245,Special,Elite,Yes,Yes,No,0.8,RC,2500,2345490,,150000,,,, 1/6
PPK0001189,1,17124 Wyoming St.,Detroit,MI,48221,3823,Special,Elite,Yes,Yes,No,0.9,RC,2500,200000,150000,30000,,,, 1/3
PPK0001190,1,2817 S. Dorty Highway,Flint,MI,48507,3133,Special,Elite,Yes,Yes,Yes,0.8,RC,1000,350000,120000,263000,10000,,, 1/6
PPK0001191,1,15020 Telegraph Rd.,Taylor,MI,48180,1005,Special,Elite,Yes,Yes,No,0.9,RC,1000,,50000,60000,5000,,, 1/6
PPK0001192,1,6728-6730 Wyoming,Dearborn,MI,48126,2906,Special,Elite,Yes,Yes,No,0.9,RC,1000,250000,,,,,, 1/3
PPK0001193,1,13126 W. Warren Ave.,Dearborn,MI,48126,1783,Special,Elite,Yes,Yes,No,0.9,RC,1000,100000,75000,30000,,,,
PPK0001194,1,3910 E. 8 Mile Rd.,Detroit,MI,48234,3595,Special,Elite,Yes,Yes,No,0.9,RC,2500,300000,100000,30000,,50000,50000, 1/3
PPK0001195,1,14600 Chicago,Detroit,MI,48228,2712,Special,Elite,Yes,Yes,No,0.9,RC,2500,230000,80000,60000,5000,50000,60000, 1/6
PPK0001196,1,"C/O Sunshine Express, 42355 W. 13 Mile Road",Novi,MI,48377,4809,Special,Elite,Yes,Yes,Yes,0.8,RC,1000,440000,220000,160000,5000,,, 1/6
PPK0001197,1,2819 E. 7 Mile Rd.,Detroit,MI,48234,13165,Special,Elite,Yes,Yes,Yes,0.8,ACV,5000,600000,650000,300000,,,, 1/6
PPK0001198,1,44895 Utica Rd.,Utica,MI,48317,2708,Special,Elite,Yes,Yes,No,0.9,RC,1000,350000,250000,100000,5000,60000,70000, 1/6
PPK0001199,1,22012 Gratiot Ave,Eastpointe,MI,48021,1993,Special,Elite,Yes,No,No,0.8,RC,1000,250000,50000,40000,5000,,, 1/4
PPK0001200,1,448 S. Saginaw St.,Flint,MI,48504,2993,Special,Elite,Yes,Yes,No,0.8,ACV,1000,617000,100000,,,,,
PPK0001201,1,7329 Gratiot,Detroit,MI,48213,3427,Special,Elite,Yes,Yes,Yes,0.8,RC,10000,190000,55000,100000,,,, 1/3
PPK0001202,1,10848 W. 7 Mile Rd.,Detroit,MI,48221,7417,Special,Elite,Yes,Yes,No,0.8,RC,2500,400000,400000,200000,10000,,, 1/6
PPK0001203,1,34000 South Gratiot,Clinton Township,MI,48035,2703,Special,Elite,Yes,Yes,Yes,0.8,RC,1000,,300000,125000,,,, 1/6
PPK0001204,1,3401 Grand River Ave.,Detroit,MI,48208,4174,Special,Elite,Yes,Yes,Yes,0.9,RC,10000,,240000,100000,,,, 1/6
PPK0001205,1,22870 Pontiac Trail,South Lyon,MI,48178,5012,Special,Elite,Yes,Yes,Yes,,RC,1000,500000,300000,300000,,,, 1/6
PPK0001206,1,1839-1843 Coolidge Highway,River Rouge,MI,48218,1400,Special,Elite,Yes,Yes,No,0.9,RC,2500,400000,50000,,5000,,,
PPK0001207,1,G-5412 N. Dort,Flint,MI,48505,1398,Special,Elite,Yes,Yes,No,0.8,RC,1000,150000,50000,30000,,,, 1/4
PPK0001208,1,31414 Ecorse Rd.,Romulus,MI,48174,3420,Special,Elite,Yes,Yes,No,0.9,RC,1000,400000,100000,30000,,130000,130000, 1/3
PPK0001209,1,72 Biddle St.,Wyandotte,MI,48192,1499,Special,Elite,Yes,Yes,Yes,0.9,RC,1000,80000,50000,30000,5000,50000,50000, 1/3
PPK0001210,1,3274 W. Davison,Detroit,MI,48238,2265,Special,Elite,Yes,Yes,Yes,0.9,RC,2500,50000,125000,30000,,,, 1/3
PPK0001211,1,34701 Grosebeck Highway,Clinton Township,MI,48035,8683,Special,Elite,Yes,Yes,No,0.8,RC,5000,2500000,200000,150000,,,, 1/6
PPK0001212,1,714 E. Warren Ave.,Detroit,MI,48201,4084,Special,Elite,Yes,Yes,No,0.8,RC,2500,222655,50000,120000,,75000,104000, 1/4
PPK0001213,1,9525 Telegraph Rd.,Redford,MI,48239,1922,Special,Elite,Yes,Yes,No,0.9,RC,1000,225000,50000,60000,5000,50000,70000, 1/6
PPK0001214,1,23001 Hoover Rd.,Warren,MI,48089,1897,Special,Elite,Yes,Yes,No,0.9,RC,1000,250000,75000,60000,5000,50000,75000, 1/6
PPK0001215,1,19900 Conant,Detroit,MI,48234,5924,Special,Elite,Yes,Yes,No,0.8,RC,2500,585000,250000,60000,,,, 1/6
PPK0001216,1,1027 Schuster Ave.,Kalamazoo,MI,49001,2383,Special,Elite,Yes,Yes,No,0.8,RC,1000,380000,60000,80000,,,, 1/6
PPK0001217,1,7837 Allen Road,Allen Park,MI,,1045,Special,None,No,Yes,No,0.9,RC,1000,100000,55000,40000,5000,25000,20000, 1/6
PPK0001218,1,9420 Dixie Highway,Clarkston,MI,48348,2821,Special,Elite,Yes,Yes,Yes,0.8,RC,1000,,400000,150000,,6000,,
PPK0001219,1,230 State St.,Hillman,MI,49746,3429,Special,Elite,Yes,Yes,Yes,0.8,RC,1000,677000,90000,250000,,25000,, 1/6
PPK0001220,1,511 Pleasant Street,Saint Joseph,MI,49085,2010,Special,Elite,Yes,Yes,No,0.8,RC,1000,,350000,150000,10000,,, 1/6
PPK0001221,1,3840 Oakwood,Melvindale,MI,48122,1998,Special,None,No,Yes,No,0.8,RC,1000,350000,150000,120000,,,, 1/6
PPK0001222,1,24142 W. Warren,Dearborn Heights,MI,48127,926,Special,None,No,No,No,0.9,RC,1000,250000,,35000,5000,,, 1/6
PPK0001223,1,37208 Harper,Clinton,MI,48036,2997,Special,Elite,Yes,Yes,No,0.8,RC,1000,650000,100000,250000,,,, 1/6
PPK0001224,1,21320 W. 7 Mile Rd.,Detroit,MI,48219,3677,Special,Elite,Yes,Yes,No,0.9,RC,2500,250000,150000,30000,,,, 1/3
PPK0001225,1,17700 W. Seven Mile Rd.,Detroit,MI,48235,1813,Special,Elite,Yes,Yes,No,0.8,RC,2500,300000,,,10000,,, 1/6
PPK0001226,1,17700-17704 W. Seven Mile Rd.,Detroit,MI,48235,2722,Special,Elite,Yes,Yes,No,0.8,RC,1000,,200000,60000,,,, 1/6
PPK0001227,1,35336 Ford Rd.,Westland,MI,48221,1911,Special,Elite,Yes,Yes,No,0.9,RC,1000,250000,40000,60000,5000,40000,80000, 1/6
PPK0001228,1,20400 Grandriver,Detroit,MI,48219,8938,Special,Elite,Yes,Yes,No,0.8,RC,2500,300000,50000,40000,7500,,,
PPK0001229,1,13275 Telegraph Rd.,Flat Rock,MI,48134,2362,Special,Elite,Yes,Yes,No,0.9,RC,1000,250000,100000,30000,,100000,60000, 1/3
PPK0001230,1,410 W. McNichols Rd.,Detroit,MI,48203,5330,Special,Elite,Yes,Yes,No,0.9,RC,2500,400000,280000,,,,, 1/6
PPK0001231,1,6060 E. 12 Mile Rd.,Warren,MI,48092,2051,Special,Elite,Yes,Yes,Yes,0.9,RC,1000,,200000,120000,5000,,, 1/6
PPK0001232,1,5515 Red Arrow Highway,Stevensville,MI,49127,1678,Special,Elite,Yes,Yes,No,0.8,RC,1000,225000,40000,60000,,30000,57600, 1/4
PPK0001233,1,27350 Eureka Rd.,Taylor,MI,48180,1759,Special,Elite,Yes,Yes,No,0.9,RC,1000,175000,75000,30000,,50000,50000, 1/3
PPK0001234,1,26028 Ford Rd.,Dearborn Heights,MI,48127,404,Special,None,No,Yes,No,0.9,RC,1000,,35000,60000,,,, 1/6
PPK0001235,1,2480 S. Telegraph,Dearborn,MI,48124,1678,Special,Elite,Yes,Yes,No,0.9,RC,1000,650000,,60000,5000,,, 1/6
PPK0001236,1,127 E. Lake St.,South Lyon,MI,48178,2917,Special,Elite,Yes,Yes,Yes,0.8,RC,1000,300000,100000,,5000,,, 1/3
PPK0001237,1,20216 Van Dyke,Detroit,MI,48234,1855,Special,Elite,Yes,Yes,No,0.9,RC,2500,50000,100000,30000,,,, 1/3
PPK0001238,1,20545 West 7 Mile Rd.,Detroit,MI,48219,2638,Special,Elite,Yes,Yes,No,0.9,RC,2500,230000,60000,60000,5000,35000,30000, 1/6
PPK0001239,1,25655 Joy Rd.,Dearborn Heights,MI,48127,1223,Special,Elite,Yes,Yes,No,0.9,RC,1000,25000,75000,30000,,,, 1/3
PPK0001240,1,20800 W. 7 Mile Road,Detroit,MI,48219,2377,Special,Elite,Yes,Yes,No,0.9,RC,1000,240000,60000,60000,5000,35000,30000, 1/6
PPK0001241,1,6332 Hartwell,Dearborn,MI,48126,1694,Special,Elite,Yes,Yes,No,0.9,RC,1000,500000,,30000,,,,
PPK0001242,1,19650 Schoenherr,Detroit,MI,48205,4937,Special,Elite,No,Yes,Yes,0.8,RC,5000,400000,200000,,,,,
PPK0001243,1,4124 Dix Highway,Lincoln Park,MI,48146,2095,Special,Elite,Yes,Yes,No,0.9,RC,1000,150000,50000,60000,5000,40000,40000, 1/6
PPK0001244,1,18111 W. 8 Mile Rd.,Detroit,MI,48219,1981,Special,Elite,Yes,Yes,Yes,0.9,RC,2500,,70000,30000,,50000,50000, 1/3
PPK0001245,1,28861 Southfield Rd.,Lathrup Village,MI,48076,1146,Special,Elite,Yes,Yes,Yes,0.9,RC,1000,50000,100000,30000,,,, 1/3
PPK0001246,1,9365 Van Dyke,Detroit,MI,48213,2384,Special,Elite,Yes,Yes,No,0.9,RC,2500,175000,50000,30000,,30000,30000, 1/3
PPK0001247,1,18142 W. Warren Ave.,Detroit,MI,48228,2385,Special,Elite,Yes,Yes,No,0.8,RC,1000,140000,50000,50000,,75000,45000, 1/4
PPK0001249,1,6011 E. Atherton Road,Burton,MI,48519,2716,Special,Elite,Yes,Yes,No,0.8,RC,1000,500000,40000,100000,,,, 1/6
PPK0001250,1,11655 12 Mile Rd.,Warren,MI,48093,1794,Special,Elite,Yes,Yes,No,0.9,RC,1000,200000,80000,60000,5000,50000,70000, 1/6
PPK0001251,1,5996 Woodward Ave.,Detroit,MI,48202,2965,Special,Elite,Yes,Yes,No,0.9,RC,1000,350000,50000,60000,5000,80000,50000, 1/6
PPK0001252,1,15050 Puritan,Detroit,MI,48227,4580,Special,Elite,Yes,Yes,No,0.8,RC,2500,200000,150000,100000,,,, 1/6
PPK0001253,1,57 Ecorse Rd,Ypsilanti,MI,48198,3468,Special,Elite,Yes,Yes,No,0.9,RC,1000,400000,200000,100000,,,, 1/6
PPK0001254,1,24761 W. 7 Mile Rd.,Detroit,MI,48219,4136,Special,Elite,Yes,Yes,No,0.9,RC,2500,420000,50000,60000,5000,80000,90000, 1/6
PPK0001255,1,19250 W. McNichols Rd.,Detroit,MI,48219,3223,Special,Elite,Yes,Yes,No,0.9,RC,2500,280000,80000,30000,,50000,50000, 1/3
PPK0001256,1,7500 W. Davison,Detroit,MI,48236,1698,Special,Elite,Yes,Yes,No,0.9,RC,2500,125000,50000,40000,,20000,25000, 1/4
PPK0001257,1,8009 E. Jefferson,Detroit,MI,48214,4275,Special,Elite,Yes,Yes,No,0.9,RC,2500,650000,100000,30000,,60000,60000, 1/3
PPK0001258,1,38730 Harper,Clinton Township,MI,48036,4250,Special,Elite,Yes,Yes,Yes,0.8,RC,1000,450000,50000,,5000,,, 1/4
PPK0001259,1,20571-20579 15 Mile Rd.,Clinton Township,MI,48035,4094,Special,Elite,Yes,Yes,No,0.9,RC,1000,1000000,550000,80000,,,, 1/3
PPK0001260,1,,Wayne,MI,48184,3428,Special,Elite,Yes,Yes,Yes,0.9,RC,1000,500000,150000,30000,,40000,60000, 1/3
PPK0001261,1,5235 Joy Road,Detroit,MI,48204,5355,Special,Elite,Yes,Yes,No,0.8,RC,2500,400000,350000,50000,,,, 1/6
PPK0001262,1,1980 W. Fisher HWY,Detroit,MI,48216,3833,Special,Elite,Yes,Yes,No,0,RC,10000,220000,70000,150000,,40000,40000, 1/6
PPK0001263,1,7150 Bennett Lake Road.,Fenton,MI,48430,2175,Special,Elite,Yes,Yes,Yes,0.8,RC,1000,270000,65000,140000,10000,,, 1/6
PPK0001264,1,2100 Hilton,Ferndale,MI,48220,1526,Special,Elite,Yes,No,Yes,0.8,RC,1000,165000,50000,91000,,,, 1/6
PPK0001265,1,1121 E. Laketon,Muskegon,MI,49442,2812,Special,Elite,Yes,Yes,Yes,0.9,RC,1000,510000,100000,250000,5000,40000,, 1/3
PPK0001266,1,15331 Fenkell,Detroit,MI,48227,5585,Special,Elite,Yes,Yes,No,0.8,RC,1000,375000,60000,60000,6500,,, 1/6
PPK0001267,1,4220 Wyoming,Dearborn,MI,48126,3661,Special,Elite,Yes,Yes,No,0.9,RC,1000,900000,,60000,5000,50000,50000, 1/6
PPK0001269,1,2600 E. Jefferson Ave,Detroit,MI,48207,2976,Special,Elite,Yes,Yes,No,0.9,RC,1000,250000,100000,60000,5000,60000,50000, 1/6
PPK0001270,1,6324 Gratiot,Detroit,MI,48207,8114,Special,Elite,Yes,Yes,Yes,0.8,RC,1000,400000,400000,100000,5000,,, 1/4
PPK0001271,1,13300 Woodward Ave.,Highland Park,MI,48203,1082,Special,Elite,Yes,Yes,No,0.9,RC,1000,,40000,60000,,5000,, 1/6
PPK0001272,1,25853 Five Mile Rd.,Redford,MI,48239,7146,Special,Elite,Yes,Yes,No,0.9,RC,1000,680000,370000,350000,,,, 1/6
PPK0001273,1,24735 W. Warren,Dearborn Heights,MI,48127,1919,Special,Elite,Yes,Yes,No,0.9,RC,1000,414000,165000,,,,, 1/6
PPK0001274,1,5680 French Rd.,Detroit,MI,48213,2348,Special,Elite,Yes,Yes,No,0.9,RC,1000,250000,35000,60000,5000,20000,60000, 1/6
PPK0001275,1,2401 Hilton Road,Jackson,MI,49201,600,Special,None,No,No,No,0.8,RC,1000,,50000,,,,,
PPK0001278,1,932 Middlebelt Rd.,Inkster,MI,48141,913,Special,Elite,Yes,Yes,No,0.9,RC,2500,,50000,60000,,,, 1/6
PPK0001279,1,766 Chamberlain Street,Flushing,MI,48433,1280,Special,Elite,Yes,Yes,Yes,0.9,RC,1000,,125000,,5000,,,
PPK0001280,1,1427 N. Monroe St.,Monroe,MI,48162,1346,Special,Elite,Yes,Yes,No,0.9,RC,1000,,75000,30000,,50000,50000, 1/3
PPK0001281,1,15170 Southfield Rd.,Allen Park,MI,48101,2060,Special,None,Yes,No,No,0.9,RC,1000,375000,,48900,,,, 1/6
PPK0001282,1,1950 E. Fourteen Mile Rd.,Warren,MI,48092,2070,Special,Elite,Yes,Yes,No,0.8,RC,1000,330000,100000,150000,5000,,,
PPK0001283,1,8438 N. Telegraph Rd.,Dearborn Heights,MI,48127,817,Special,Elite,Yes,Yes,No,0.8,RC,1000,75000,,40000,,,, 1/6
PPK0001284,1,13785 Allen Rd.,Southgate,MI,48195,2858,Special,Elite,Yes,Yes,No,0.9,RC,1000,390000,112000,60000,5000,70000,65000, 1/6
PPK0001285,1,21715 Van Dyke,Warren,MI,48089,2093,Special,Elite,Yes,Yes,No,0.9,RC,1000,289000,75000,,,110000,75000,
PPK0001286,1,402 S. Main St.,Ann Arbor,MI,48104,698,Special,Elite,No,Yes,No,0.8,RC,1000,,75000,30000,,,, 1/3
PPK0001287,1,35411-35423 Harper Ave.,Clinton Township,MI,48035,3007,Special,Elite,Yes,Yes,Yes,0.8,RC,1000,650000,250000,200000,,,, 1/3
PPK0001288,1,25801 Jefferson,St. Clair Shores,MI,48081,3834,Special,Elite,Yes,Yes,Yes,0.8,RC,1000,600000,250000,250000,5000,,, 1/6
PPK0001289,1,15378 Wyoming,,MI,48238,4545,Special,None,No,No,No,0.9,RC,2500,355000,90000,140000,10000,92000,80000,
PPK0001290,1,1485 Middlebelt Rd.,Inkster,MI,48141,3092,Special,Elite,Yes,Yes,No,0.9,RC,1000,450000,75000,100000,5000,40000,100000, 1/6
PPK0001291,1,2743 Corunna Rd,Flint,MI,48503,1144,Special,Elite,Yes,Yes,No,0.8,ACV,10000,80000,40000,,,,,
PPK0001292,1,67070 Gratiot,Richmond,MI,48062,2530,Special,Elite,Yes,Yes,No,0.8,RC,1000,294000,163000,100000,,,, 1/6
PPK0001294,1,4043 17 Mile Rd.,Sterling Heights,MI,48310,1741,Special,Elite,Yes,Yes,Yes,0.9,RC,1000,,200000,60000,5000,,, 1/6
PPK0001295,1,27360 Plymouth Road,RedFord,MI,48239,1806,Special,Elite,Yes,Yes,No,0.9,RC,1000,150000,70000,60000,5000,60000,40000, 1/6
PPK0001296,1,151 S. Putnam St.,Williamston,MI,48895,3161,Special,Elite,Yes,Yes,No,0.8,RC,1000,465000,10000,120000,,,,
PPK0001297,1,23990 Groesbeck Highway,Warren,MI,48089,2288,Special,Elite,Yes,Yes,No,0.9,RC,1000,200000,60000,60000,5000,40000,100000, 1/6
PPK0001298,1,26717 Michigan Ave.,Inkster,MI,48141,2231,Special,Elite,Yes,Yes,No,0.9,RC,1000,300000,40000,60000,5000,80000,150000, 1/6
PPK0001299,1,9811 Dixie,Clarkson,MI,48348,2060,Special,Elite,Yes,Yes,No,0.8,RC,1000,,300000,90000,,,, 1/6
PPK0001300,1,4982 Meisner Rd.,China,MI,48054,,Special,None,No,No,No,,RC,,,,,,,,
PPK0001301,1,25575 W. 5 Mile Rd.,Redford,MI,48239,2539,Special,Elite,Yes,Yes,No,0.9,RC,1000,250000,100000,30000,,90000,60000, 1/3
PPK0001302,1,12647 Pennylvania Rd.,Riverview,MI,48193,1956,Special,Elite,Yes,Yes,No,0.9,RC,1000,100000,50000,30000,,40000,60000, 1/3
PPK0001303,1,27460 Eureka Road,Romulus,MI,48174,1802,Special,Elite,Yes,Yes,No,0.9,RC,1000,200000,75000,30000,,100000,50000,